file_name,function_name,complexity,tokens,triaged_out,model,llm_latency_s,verification_latency_s,verdict,orig_instrs,final_instrs,reduction_pct
not.bc,unknown_failed_module,,,False,error,,,error,0,0,0.0
timeit.bc,main,36,12208,False,ollama/qwen2.5-coder:7b,66.707,,syntax_fail,378,378,0.0
timeit.bc,streq,1,5529,True,,,,pending,10,10,0.0
timeit.bc,usage,1,6801,True,,,,pending,44,44,0.0
timeit.bc,execute,3,6065,True,,,,pending,41,41,0.0
timeit.bc,terminate_handler,2,5788,True,,,,pending,20,20,0.0
timeit.bc,timeout_handler,1,5595,True,,,,pending,11,11,0.0
timeit.bc,sample_wall_time,1,5630,True,,,,pending,12,12,0.0
timeit.bc,execute_target_process,27,9405,False,ollama/qwen2.5-coder:7b,59.776,,syntax_fail,219,219,0.0
timeit.bc,monitor_child_process,18,9582,False,ollama/qwen2.5-coder:7b,113.22,,syntax_fail,224,224,0.0
timeit.bc,set_resource_limit_actual,3,6235,True,,,,pending,43,43,0.0
fpcmp.bc,load_file,7,5500,False,ollama/qwen2.5-coder:3b,,,pending,98,98,0.0
fpcmp.bc,diff_file,25,9400,False,ollama/qwen2.5-coder:7b,106.508,,syntax_fail,328,328,0.0
fpcmp.bc,skip_whitespace,3,4236,True,,,,pending,32,32,0.0
fpcmp.bc,isPossibleStartOfNumber,3,3963,True,,,,pending,14,14,0.0
fpcmp.bc,AdvanceNumber,16,5937,False,ollama/qwen2.5-coder:3b,,,pending,130,130,0.0
fpcmp.bc,CompareNumbers,17,8220,False,ollama/qwen2.5-coder:7b,141.849,,syntax_fail,262,262,0.0
fpcmp.bc,dump_inputs,1,3844,True,,,,pending,9,9,0.0
fpcmp.bc,usage,1,3857,True,,,,pending,7,7,0.0
fpcmp.bc,main,11,6780,False,ollama/qwen2.5-coder:3b,,,pending,174,174,0.0
fpcmp.bc,isspace,1,3794,True,,,,pending,5,5,0.0
fpcmp.bc,__istype,2,4211,True,,,,pending,30,30,0.0
fpcmp.bc,isascii,1,3807,True,,,,pending,7,7,0.0
fpcmp.bc,isDigitChar,2,4015,True,,,,pending,12,12,0.0
fpcmp.bc,isSignedChar,2,3895,True,,,,pending,12,12,0.0
fpcmp.bc,isExponentChar,2,3937,True,,,,pending,12,12,0.0
fpcmp.bc,dump_input,2,4032,True,,,,pending,17,17,0.0
fpcmp.bc,contains_non_printable_characters,5,4587,False,ollama/qwen2.5-coder:3b,,,pending,52,52,0.0
fpcmp.bc,isprint,1,3794,True,,,,pending,5,5,0.0
CMakeCCompilerId.bc,main,1,1605,True,,,,pending,64,64,0.0
CMakeCXXCompilerId.bc,main,1,1611,True,,,,pending,63,63,0.0
fbench.bc,main,12,9272,False,ollama/qwen2.5-coder:7b,134.099,,syntax_fail,290,290,0.0
fbench.bc,trace_line,4,4588,True,,,,pending,84,84,0.0
fbench.bc,transit_surface,8,5994,False,ollama/qwen2.5-coder:3b,,,pending,183,183,0.0
flops-1.bc,main,2,4496,True,,,,pending,154,154,0.0
richards_benchmark.bc,createtask,1,2901,True,,,,pending,59,59,0.0
richards_benchmark.bc,pkt,2,2727,True,,,,pending,47,47,0.0
richards_benchmark.bc,trace,2,2150,True,,,,pending,14,14,0.0
richards_benchmark.bc,schedule,6,3590,False,ollama/qwen2.5-coder:3b,71.962,,syntax_fail,88,88,0.0
richards_benchmark.bc,Wait,1,2029,True,,,,pending,7,7,0.0
richards_benchmark.bc,holdself,1,2119,True,,,,pending,12,12,0.0
richards_benchmark.bc,findtcb,4,2383,True,,,,pending,27,27,0.0
richards_benchmark.bc,release,3,2560,True,,,,pending,39,39,0.0
richards_benchmark.bc,qpkt,4,3080,True,,,,pending,68,68,0.0
richards_benchmark.bc,append,2,2305,True,,,,pending,23,23,0.0
richards_benchmark.bc,idlefn,3,2421,True,,,,pending,33,33,0.0
richards_benchmark.bc,workfn,4,2864,True,,,,pending,56,56,0.0
richards_benchmark.bc,handlerfn,7,3494,False,ollama/qwen2.5-coder:3b,,,pending,92,92,0.0
richards_benchmark.bc,devfn,4,2493,True,,,,pending,37,37,0.0
richards_benchmark.bc,main,3,3536,True,,,,pending,72,72,0.0
whetstone.bc,main,30,14533,False,ollama/qwen2.5-coder:7b,91.702,,syntax_fail,702,702,0.0
whetstone.bc,POUT,1,2129,True,,,,pending,23,23,0.0
whetstone.bc,PA,2,3208,True,,,,pending,93,93,0.0
whetstone.bc,P3,1,2277,True,,,,pending,36,36,0.0
whetstone.bc,P0,1,2193,True,,,,pending,25,25,0.0
flops-2.bc,main,3,4502,True,,,,pending,160,160,0.0
flops-3.bc,main,2,4600,True,,,,pending,158,158,0.0
flops-7.bc,main,2,4415,True,,,,pending,154,154,0.0
flops.bc,main,15,27692,False,ollama/qwen2.5-coder:7b,61.189,,syntax_fail,1342,1342,0.0
flops.bc,dtime,1,3147,True,,,,pending,27,27,0.0
flops-6.bc,main,2,5333,True,,,,pending,197,197,0.0
mandel.bc,emit,1,1324,True,,,,pending,13,13,0.0
mandel.bc,mandel,7,3380,False,ollama/qwen2.5-coder:3b,13.144,0.152,unsupported,121,121,0.0
mandel.bc,main,1,1209,True,,,,pending,8,8,0.0
flops-4.bc,main,2,5062,True,,,,pending,185,185,0.0
revertBits.bc,ReverseBits32,1,1801,True,,,,pending,42,42,0.0
revertBits.bc,ReverseBits64,1,2064,True,,,,pending,58,58,0.0
revertBits.bc,main,5,2791,False,ollama/qwen2.5-coder:3b,51.319,0.145,unsupported,91,91,0.0
evalloop.bc,execute,1,1384,True,,,,pending,7,7,0.0
evalloop.bc,eval,2,9151,True,,,,pending,420,420,0.0
evalloop.bc,main,3,2201,True,,,,pending,51,51,0.0
flops-5.bc,main,2,5338,True,,,,pending,198,198,0.0
dt.bc,main,2,2209,True,,,,pending,56,56,0.0
dt.bc,double_array_divs_variable,3,1867,True,,,,pending,41,41,0.0
himenobmtxpa.bc,main,1,5728,True,,,,pending,145,145,0.0
himenobmtxpa.bc,newMat,2,3440,True,,,,pending,49,49,0.0
himenobmtxpa.bc,mat_set_init,4,4522,True,,,,pending,108,108,0.0
himenobmtxpa.bc,mat_set,4,4243,True,,,,pending,93,93,0.0
himenobmtxpa.bc,jacobi,8,29408,False,ollama/qwen2.5-coder:7b,114.601,,syntax_fail,1464,1464,0.0
himenobmtxpa.bc,clearMat,2,3128,True,,,,pending,28,28,0.0
himenobmtxpa.bc,fflop,1,2898,True,,,,pending,19,19,0.0
himenobmtxpa.bc,mflops,1,2828,True,,,,pending,14,14,0.0
himenobmtxpa.bc,set_param,11,4423,False,ollama/qwen2.5-coder:3b,,,pending,98,98,0.0
himenobmtxpa.bc,second,3,3341,True,,,,pending,39,39,0.0
salsa20.bc,salsa20,4,12190,True,,,,pending,609,609,0.0
salsa20.bc,salsa,2,1192,True,,,,pending,18,18,0.0
salsa20.bc,main,3,1928,True,,,,pending,61,61,0.0
lowercase.bc,main,2,2081,True,,,,pending,22,22,0.0
lowercase.bc,doTest,3,3106,True,,,,pending,76,76,0.0
lowercase.bc,lower_StringImpl,3,2703,True,,,,pending,60,60,0.0
lowercase.bc,toASCIILower,2,2008,True,,,,pending,18,18,0.0
ffbench.bc,main,18,7253,False,ollama/qwen2.5-coder:3b,32.999,,syntax_fail,314,314,0.0
ffbench.bc,fourn,13,9128,False,ollama/qwen2.5-coder:7b,52.217,,syntax_fail,450,450,0.0
ReedSolomon.bc,rsdec_204,7,3479,False,ollama/qwen2.5-coder:3b,33.725,,syntax_fail,115,115,0.0
ReedSolomon.bc,rsenc_204,6,3060,False,ollama/qwen2.5-coder:3b,112.027,,syntax_fail,92,92,0.0
ReedSolomon.bc,main,4,2834,True,,,,pending,73,73,0.0
ReedSolomon.bc,generate_gf,5,3508,False,ollama/qwen2.5-coder:3b,93.981,,syntax_fail,106,106,0.0
ReedSolomon.bc,gen_poly,5,3459,False,ollama/qwen2.5-coder:3b,31.897,,syntax_fail,107,107,0.0
ReedSolomon.bc,decode_rs,59,23866,False,ollama/qwen2.5-coder:7b,84.43,0.128,unsupported,1217,1217,0.0
ReedSolomon.bc,encode_rs,7,3744,False,ollama/qwen2.5-coder:3b,,,pending,124,124,0.0
matmul_f64_4x4.bc,wrap_mul4,1,1758,True,,,,pending,11,11,0.0
matmul_f64_4x4.bc,mul4,2,14570,True,,,,pending,640,640,0.0
matmul_f64_4x4.bc,main,4,2924,True,,,,pending,68,68,0.0
pi.bc,myadd,1,1068,True,,,,pending,12,12,0.0
pi.bc,main,3,3336,True,,,,pending,144,144,0.0
fp-convert.bc,loop,2,1473,True,,,,pending,39,39,0.0
fp-convert.bc,main,4,2417,True,,,,pending,89,89,0.0
aarch64-init-cpu-features.bc,main,4,1543,True,,,,pending,45,45,0.0
flops-8.bc,main,2,5390,True,,,,pending,201,201,0.0
mandel-2.bc,sqr,1,998,True,,,,pending,6,6,0.0
mandel-2.bc,cnorm2,1,1179,True,,,,pending,14,14,0.0
mandel-2.bc,loop,5,2414,False,ollama/qwen2.5-coder:3b,37.631,,syntax_fail,76,76,0.0
mandel-2.bc,main,4,1828,True,,,,pending,52,52,0.0
oourafft.bc,main,8,8134,False,ollama/qwen2.5-coder:7b,70.497,,syntax_fail,301,301,0.0
oourafft.bc,get_time,1,3099,True,,,,pending,12,12,0.0
oourafft.bc,makewt,4,4816,True,,,,pending,122,122,0.0
oourafft.bc,putdata,2,3459,True,,,,pending,38,38,0.0
oourafft.bc,cdft,4,3613,True,,,,pending,45,45,0.0
oourafft.bc,errorcheck,3,3897,True,,,,pending,64,64,0.0
oourafft.bc,bitrv2,8,12138,False,ollama/qwen2.5-coder:7b,43.126,,syntax_fail,587,587,0.0
oourafft.bc,cftfsub,6,8477,False,ollama/qwen2.5-coder:7b,136.721,,syntax_fail,353,353,0.0
oourafft.bc,bitrv2conj,8,13669,False,ollama/qwen2.5-coder:7b,115.583,,syntax_fail,692,692,0.0
oourafft.bc,cftbsub,6,8596,False,ollama/qwen2.5-coder:7b,75.96,0.185,unsupported,362,362,0.0
oourafft.bc,cft1st,2,16155,True,,,,pending,853,853,0.0
oourafft.bc,cftmdl,6,19775,False,ollama/qwen2.5-coder:7b,48.988,,syntax_fail,1085,1085,0.0
perlin.bc,main,4,3328,True,,,,pending,56,56,0.0
perlin.bc,noise,1,6265,True,,,,pending,221,221,0.0
perlin.bc,init,2,2834,True,,,,pending,30,30,0.0
perlin.bc,fade,1,2534,True,,,,pending,13,13,0.0
perlin.bc,lerp,1,2502,True,,,,pending,13,13,0.0
perlin.bc,grad,7,3461,False,ollama/qwen2.5-coder:3b,53.734,0.078,passed,70,70,0.0
correlation.bc,polybench_flush_cache,2,3411,True,,,,pending,40,40,0.0
correlation.bc,polybench_prepare_instruments,1,2753,True,,,,pending,2,2,0.0
correlation.bc,polybench_timer_start,1,2781,True,,,,pending,4,4,0.0
correlation.bc,polybench_timer_stop,1,2771,True,,,,pending,3,3,0.0
correlation.bc,polybench_timer_print,1,2821,True,,,,pending,5,5,0.0
correlation.bc,polybench_free_data,1,2797,True,,,,pending,5,5,0.0
correlation.bc,polybench_alloc_data,1,3081,True,,,,pending,22,22,0.0
correlation.bc,xmalloc,3,3346,True,,,,pending,34,34,0.0
correlation.bc,main,1,4023,True,,,,pending,67,67,0.0
correlation.bc,init_array,3,3607,True,,,,pending,53,53,0.0
correlation.bc,kernel_correlation,11,8409,False,ollama/qwen2.5-coder:7b,50.848,,syntax_fail,341,341,0.0
correlation.bc,print_array,3,3828,True,,,,pending,65,65,0.0
correlation.bc,rtclock,1,2753,True,,,,pending,1,1,0.0
correlation.bc,print_element,1,6092,True,,,,pending,203,203,0.0
covariance.bc,polybench_flush_cache,2,3332,True,,,,pending,40,40,0.0
covariance.bc,polybench_prepare_instruments,1,2674,True,,,,pending,2,2,0.0
covariance.bc,polybench_timer_start,1,2702,True,,,,pending,4,4,0.0
covariance.bc,polybench_timer_stop,1,2692,True,,,,pending,3,3,0.0
covariance.bc,polybench_timer_print,1,2742,True,,,,pending,5,5,0.0
covariance.bc,polybench_free_data,1,2718,True,,,,pending,5,5,0.0
covariance.bc,polybench_alloc_data,1,3002,True,,,,pending,22,22,0.0
covariance.bc,xmalloc,3,3267,True,,,,pending,34,34,0.0
covariance.bc,main,1,3754,True,,,,pending,58,58,0.0
covariance.bc,init_array,3,3517,True,,,,pending,53,53,0.0
covariance.bc,kernel_covariance,8,6088,False,ollama/qwen2.5-coder:3b,26.952,,syntax_fail,206,206,0.0
covariance.bc,print_array,3,3747,True,,,,pending,65,65,0.0
covariance.bc,rtclock,1,2674,True,,,,pending,1,1,0.0
covariance.bc,print_element,1,6015,True,,,,pending,203,203,0.0
seidel-2d.bc,polybench_flush_cache,2,3520,True,,,,pending,40,40,0.0
seidel-2d.bc,polybench_prepare_instruments,1,2862,True,,,,pending,2,2,0.0
seidel-2d.bc,polybench_timer_start,1,2890,True,,,,pending,4,4,0.0
seidel-2d.bc,polybench_timer_stop,1,2880,True,,,,pending,3,3,0.0
seidel-2d.bc,polybench_timer_print,1,2930,True,,,,pending,5,5,0.0
seidel-2d.bc,polybench_free_data,1,2906,True,,,,pending,5,5,0.0
seidel-2d.bc,polybench_alloc_data,1,3190,True,,,,pending,22,22,0.0
seidel-2d.bc,xmalloc,3,3455,True,,,,pending,34,34,0.0
seidel-2d.bc,main,2,4123,True,,,,pending,67,67,0.0
seidel-2d.bc,init_array,3,3684,True,,,,pending,51,51,0.0
seidel-2d.bc,kernel_seidel_2d,4,5419,True,,,,pending,153,153,0.0
seidel-2d.bc,kernel_seidel_2d_StrictFP,4,5419,True,,,,pending,153,153,0.0
seidel-2d.bc,check_FP,5,4567,False,ollama/qwen2.5-coder:3b,73.965,0.094,passed,98,98,0.0
seidel-2d.bc,print_array,3,3937,True,,,,pending,65,65,0.0
seidel-2d.bc,rtclock,1,2862,True,,,,pending,1,1,0.0
seidel-2d.bc,print_element,1,6203,True,,,,pending,203,203,0.0
adi.bc,polybench_flush_cache,2,3315,True,,,,pending,40,40,0.0
adi.bc,polybench_prepare_instruments,1,2657,True,,,,pending,2,2,0.0
adi.bc,polybench_timer_start,1,2685,True,,,,pending,4,4,0.0
adi.bc,polybench_timer_stop,1,2675,True,,,,pending,3,3,0.0
adi.bc,polybench_timer_print,1,2725,True,,,,pending,5,5,0.0
adi.bc,polybench_free_data,1,2701,True,,,,pending,5,5,0.0
adi.bc,polybench_alloc_data,1,2985,True,,,,pending,22,22,0.0
adi.bc,xmalloc,3,3250,True,,,,pending,34,34,0.0
adi.bc,main,1,3827,True,,,,pending,62,62,0.0
adi.bc,init_array,3,3464,True,,,,pending,50,50,0.0
adi.bc,kernel_adi,8,11394,False,ollama/qwen2.5-coder:7b,73.89,,syntax_fail,518,518,0.0
adi.bc,print_array,3,3732,True,,,,pending,65,65,0.0
adi.bc,rtclock,1,2657,True,,,,pending,1,1,0.0
adi.bc,print_element,1,5998,True,,,,pending,203,203,0.0
jacobi-2d.bc,polybench_flush_cache,2,3593,True,,,,pending,40,40,0.0
jacobi-2d.bc,polybench_prepare_instruments,1,2935,True,,,,pending,2,2,0.0
jacobi-2d.bc,polybench_timer_start,1,2963,True,,,,pending,4,4,0.0
jacobi-2d.bc,polybench_timer_stop,1,2953,True,,,,pending,3,3,0.0
jacobi-2d.bc,polybench_timer_print,1,3003,True,,,,pending,5,5,0.0
jacobi-2d.bc,polybench_free_data,1,2979,True,,,,pending,5,5,0.0
jacobi-2d.bc,polybench_alloc_data,1,3263,True,,,,pending,22,22,0.0
jacobi-2d.bc,xmalloc,3,3528,True,,,,pending,34,34,0.0
jacobi-2d.bc,main,2,4544,True,,,,pending,82,82,0.0
jacobi-2d.bc,init_array,3,4073,True,,,,pending,71,71,0.0
jacobi-2d.bc,kernel_jacobi_2d,6,6148,False,ollama/qwen2.5-coder:3b,,,pending,191,191,0.0
jacobi-2d.bc,kernel_jacobi_2d_StrictFP,6,6148,False,ollama/qwen2.5-coder:3b,20.714,,syntax_fail,191,191,0.0
jacobi-2d.bc,check_FP,5,4640,False,ollama/qwen2.5-coder:3b,,,pending,98,98,0.0
jacobi-2d.bc,print_array,3,4010,True,,,,pending,65,65,0.0
jacobi-2d.bc,rtclock,1,2935,True,,,,pending,1,1,0.0
jacobi-2d.bc,print_element,1,6276,True,,,,pending,203,203,0.0
jacobi-1d.bc,polybench_flush_cache,2,3501,True,,,,pending,40,40,0.0
jacobi-1d.bc,polybench_prepare_instruments,1,2843,True,,,,pending,2,2,0.0
jacobi-1d.bc,polybench_timer_start,1,2871,True,,,,pending,4,4,0.0
jacobi-1d.bc,polybench_timer_stop,1,2861,True,,,,pending,3,3,0.0
jacobi-1d.bc,polybench_timer_print,1,2911,True,,,,pending,5,5,0.0
jacobi-1d.bc,polybench_free_data,1,2887,True,,,,pending,5,5,0.0
jacobi-1d.bc,polybench_alloc_data,1,3171,True,,,,pending,22,22,0.0
jacobi-1d.bc,xmalloc,3,3436,True,,,,pending,34,34,0.0
jacobi-1d.bc,main,2,4405,True,,,,pending,82,82,0.0
jacobi-1d.bc,init_array,2,3498,True,,,,pending,43,43,0.0
jacobi-1d.bc,kernel_jacobi_1d,4,4425,True,,,,pending,100,100,0.0
jacobi-1d.bc,kernel_jacobi_1d_StrictFP,4,4425,True,,,,pending,100,100,0.0
jacobi-1d.bc,check_FP,4,4133,True,,,,pending,76,76,0.0
jacobi-1d.bc,print_array,2,3613,True,,,,pending,48,48,0.0
jacobi-1d.bc,rtclock,1,2843,True,,,,pending,1,1,0.0
jacobi-1d.bc,print_element,1,6184,True,,,,pending,203,203,0.0
heat-3d.bc,polybench_flush_cache,2,3396,True,,,,pending,40,40,0.0
heat-3d.bc,polybench_prepare_instruments,1,2738,True,,,,pending,2,2,0.0
heat-3d.bc,polybench_timer_start,1,2766,True,,,,pending,4,4,0.0
heat-3d.bc,polybench_timer_stop,1,2756,True,,,,pending,3,3,0.0
heat-3d.bc,polybench_timer_print,1,2806,True,,,,pending,5,5,0.0
heat-3d.bc,polybench_free_data,1,2782,True,,,,pending,5,5,0.0
heat-3d.bc,polybench_alloc_data,1,3066,True,,,,pending,22,22,0.0
heat-3d.bc,xmalloc,3,3331,True,,,,pending,34,34,0.0
heat-3d.bc,main,1,3738,True,,,,pending,53,53,0.0
heat-3d.bc,init_array,4,4126,True,,,,pending,83,83,0.0
heat-3d.bc,kernel_heat_3d,8,9515,False,ollama/qwen2.5-coder:7b,66.114,,syntax_fail,377,377,0.0
heat-3d.bc,print_array,4,4117,True,,,,pending,82,82,0.0
heat-3d.bc,rtclock,1,2738,True,,,,pending,1,1,0.0
heat-3d.bc,print_element,1,6079,True,,,,pending,203,203,0.0
fdtd-2d.bc,polybench_flush_cache,2,3672,True,,,,pending,40,40,0.0
fdtd-2d.bc,polybench_prepare_instruments,1,3014,True,,,,pending,2,2,0.0
fdtd-2d.bc,polybench_timer_start,1,3042,True,,,,pending,4,4,0.0
fdtd-2d.bc,polybench_timer_stop,1,3032,True,,,,pending,3,3,0.0
fdtd-2d.bc,polybench_timer_print,1,3082,True,,,,pending,5,5,0.0
fdtd-2d.bc,polybench_free_data,1,3058,True,,,,pending,5,5,0.0
fdtd-2d.bc,polybench_alloc_data,1,3342,True,,,,pending,22,22,0.0
fdtd-2d.bc,xmalloc,3,3607,True,,,,pending,34,34,0.0
fdtd-2d.bc,main,1,5590,True,,,,pending,125,125,0.0
fdtd-2d.bc,init_array,4,4787,True,,,,pending,112,112,0.0
fdtd-2d.bc,kernel_fdtd_2d,9,7263,False,ollama/qwen2.5-coder:3b,14.415,,syntax_fail,249,249,0.0
fdtd-2d.bc,kernel_fdtd_2d_StrictFP,9,7267,False,ollama/qwen2.5-coder:3b,,,pending,252,252,0.0
fdtd-2d.bc,print_array,5,5087,False,ollama/qwen2.5-coder:3b,,,pending,123,123,0.0
fdtd-2d.bc,rtclock,1,3014,True,,,,pending,1,1,0.0
fdtd-2d.bc,print_element,1,6355,True,,,,pending,203,203,0.0
deriche.bc,polybench_flush_cache,2,3915,True,,,,pending,40,40,0.0
deriche.bc,polybench_prepare_instruments,1,3257,True,,,,pending,2,2,0.0
deriche.bc,polybench_timer_start,1,3285,True,,,,pending,4,4,0.0
deriche.bc,polybench_timer_stop,1,3275,True,,,,pending,3,3,0.0
deriche.bc,polybench_timer_print,1,3325,True,,,,pending,5,5,0.0
deriche.bc,polybench_free_data,1,3301,True,,,,pending,5,5,0.0
deriche.bc,polybench_alloc_data,1,3585,True,,,,pending,22,22,0.0
deriche.bc,xmalloc,3,3850,True,,,,pending,34,34,0.0
deriche.bc,main,2,5519,True,,,,pending,112,112,0.0
deriche.bc,init_array,3,4169,True,,,,pending,57,57,0.0
deriche.bc,kernel_deriche,13,12309,False,ollama/qwen2.5-coder:7b,116.158,,syntax_fail,533,533,0.0
deriche.bc,kernel_deriche_StrictFP,13,12322,False,ollama/qwen2.5-coder:7b,57.149,,syntax_fail,546,546,0.0
deriche.bc,check_FP,5,4956,False,ollama/qwen2.5-coder:3b,,,pending,98,98,0.0
deriche.bc,print_array,4,4601,True,,,,pending,81,81,0.0
deriche.bc,rtclock,1,3257,True,,,,pending,1,1,0.0
deriche.bc,print_element,1,6598,True,,,,pending,203,203,0.0
floyd-warshall.bc,polybench_flush_cache,2,3500,True,,,,pending,40,40,0.0
floyd-warshall.bc,polybench_prepare_instruments,1,2842,True,,,,pending,2,2,0.0
floyd-warshall.bc,polybench_timer_start,1,2870,True,,,,pending,4,4,0.0
floyd-warshall.bc,polybench_timer_stop,1,2860,True,,,,pending,3,3,0.0
floyd-warshall.bc,polybench_timer_print,1,2910,True,,,,pending,5,5,0.0
floyd-warshall.bc,polybench_free_data,1,2886,True,,,,pending,5,5,0.0
floyd-warshall.bc,polybench_alloc_data,1,3170,True,,,,pending,22,22,0.0
floyd-warshall.bc,xmalloc,3,3435,True,,,,pending,34,34,0.0
floyd-warshall.bc,main,2,3988,True,,,,pending,61,61,0.0
floyd-warshall.bc,init_array,6,4057,False,ollama/qwen2.5-coder:3b,86.872,0.084,passed,73,73,0.0
floyd-warshall.bc,kernel_floyd_warshall,5,4747,False,ollama/qwen2.5-coder:3b,28.409,,syntax_fail,110,110,0.0
floyd-warshall.bc,kernel_floyd_warshall_StrictFP,5,4747,False,ollama/qwen2.5-coder:3b,80.341,,syntax_fail,110,110,0.0
floyd-warshall.bc,check_FP,5,4581,False,ollama/qwen2.5-coder:3b,,,pending,100,100,0.0
floyd-warshall.bc,print_array,3,3934,True,,,,pending,66,66,0.0
floyd-warshall.bc,rtclock,1,2842,True,,,,pending,1,1,0.0
floyd-warshall.bc,print_element,1,6183,True,,,,pending,203,203,0.0
nussinov.bc,polybench_flush_cache,2,3533,True,,,,pending,40,40,0.0
nussinov.bc,polybench_prepare_instruments,1,2875,True,,,,pending,2,2,0.0
nussinov.bc,polybench_timer_start,1,2903,True,,,,pending,4,4,0.0
nussinov.bc,polybench_timer_stop,1,2893,True,,,,pending,3,3,0.0
nussinov.bc,polybench_timer_print,1,2943,True,,,,pending,5,5,0.0
nussinov.bc,polybench_free_data,1,2919,True,,,,pending,5,5,0.0
nussinov.bc,polybench_alloc_data,1,3203,True,,,,pending,22,22,0.0
nussinov.bc,xmalloc,3,3468,True,,,,pending,34,34,0.0
nussinov.bc,main,2,4354,True,,,,pending,76,76,0.0
nussinov.bc,init_array,4,3900,True,,,,pending,63,63,0.0
nussinov.bc,kernel_nussinov,16,9361,False,ollama/qwen2.5-coder:7b,97.99,,syntax_fail,373,373,0.0
nussinov.bc,kernel_nussinov_StrictFP,16,9361,False,ollama/qwen2.5-coder:7b,101.291,,syntax_fail,373,373,0.0
nussinov.bc,check_FP,5,4614,False,ollama/qwen2.5-coder:3b,,,pending,100,100,0.0
nussinov.bc,print_array,3,3967,True,,,,pending,66,66,0.0
nussinov.bc,rtclock,1,2875,True,,,,pending,1,1,0.0
nussinov.bc,print_element,1,6216,True,,,,pending,203,203,0.0
3mm.bc,polybench_flush_cache,2,3523,True,,,,pending,40,40,0.0
3mm.bc,polybench_prepare_instruments,1,2865,True,,,,pending,2,2,0.0
3mm.bc,polybench_timer_start,1,2893,True,,,,pending,4,4,0.0
3mm.bc,polybench_timer_stop,1,2883,True,,,,pending,3,3,0.0
3mm.bc,polybench_timer_print,1,2933,True,,,,pending,5,5,0.0
3mm.bc,polybench_free_data,1,2909,True,,,,pending,5,5,0.0
3mm.bc,polybench_alloc_data,1,3193,True,,,,pending,22,22,0.0
3mm.bc,xmalloc,3,3458,True,,,,pending,34,34,0.0
3mm.bc,main,1,5138,True,,,,pending,115,115,0.0
3mm.bc,init_array,9,5947,False,ollama/qwen2.5-coder:3b,30.307,,syntax_fail,191,191,0.0
3mm.bc,kernel_3mm,10,6843,False,ollama/qwen2.5-coder:3b,,,pending,238,238,0.0
3mm.bc,print_array,3,3968,True,,,,pending,67,67,0.0
3mm.bc,rtclock,1,2865,True,,,,pending,1,1,0.0
3mm.bc,print_element,1,6206,True,,,,pending,203,203,0.0
bicg.bc,polybench_flush_cache,2,3329,True,,,,pending,40,40,0.0
bicg.bc,polybench_prepare_instruments,1,2671,True,,,,pending,2,2,0.0
bicg.bc,polybench_timer_start,1,2699,True,,,,pending,4,4,0.0
bicg.bc,polybench_timer_stop,1,2689,True,,,,pending,3,3,0.0
bicg.bc,polybench_timer_print,1,2739,True,,,,pending,5,5,0.0
bicg.bc,polybench_free_data,1,2715,True,,,,pending,5,5,0.0
bicg.bc,polybench_alloc_data,1,2999,True,,,,pending,22,22,0.0
bicg.bc,xmalloc,3,3264,True,,,,pending,34,34,0.0
bicg.bc,main,1,4201,True,,,,pending,79,79,0.0
bicg.bc,init_array,4,4120,True,,,,pending,92,92,0.0
bicg.bc,kernel_bicg,4,4495,True,,,,pending,114,114,0.0
bicg.bc,print_array,4,4281,True,,,,pending,98,98,0.0
bicg.bc,rtclock,1,2671,True,,,,pending,1,1,0.0
bicg.bc,print_element,1,6012,True,,,,pending,203,203,0.0
atax.bc,polybench_flush_cache,2,3300,True,,,,pending,40,40,0.0
atax.bc,polybench_prepare_instruments,1,2642,True,,,,pending,2,2,0.0
atax.bc,polybench_timer_start,1,2670,True,,,,pending,4,4,0.0
atax.bc,polybench_timer_stop,1,2660,True,,,,pending,3,3,0.0
atax.bc,polybench_timer_print,1,2710,True,,,,pending,5,5,0.0
atax.bc,polybench_free_data,1,2686,True,,,,pending,5,5,0.0
atax.bc,polybench_alloc_data,1,2970,True,,,,pending,22,22,0.0
atax.bc,xmalloc,3,3235,True,,,,pending,34,34,0.0
atax.bc,main,1,3870,True,,,,pending,65,65,0.0
atax.bc,init_array,4,3958,True,,,,pending,82,82,0.0
atax.bc,kernel_atax,5,4626,False,ollama/qwen2.5-coder:3b,29.668,,syntax_fail,123,123,0.0
atax.bc,print_array,2,3412,True,,,,pending,48,48,0.0
atax.bc,rtclock,1,2642,True,,,,pending,1,1,0.0
atax.bc,print_element,1,5983,True,,,,pending,203,203,0.0
doitgen.bc,polybench_flush_cache,2,3772,True,,,,pending,40,40,0.0
doitgen.bc,polybench_prepare_instruments,1,3114,True,,,,pending,2,2,0.0
doitgen.bc,polybench_timer_start,1,3142,True,,,,pending,4,4,0.0
doitgen.bc,polybench_timer_stop,1,3132,True,,,,pending,3,3,0.0
doitgen.bc,polybench_timer_print,1,3182,True,,,,pending,5,5,0.0
doitgen.bc,polybench_free_data,1,3158,True,,,,pending,5,5,0.0
doitgen.bc,polybench_alloc_data,1,3442,True,,,,pending,22,22,0.0
doitgen.bc,xmalloc,3,3707,True,,,,pending,34,34,0.0
doitgen.bc,kernel_doitgen,6,5248,False,ollama/qwen2.5-coder:3b,19.46,,syntax_fail,127,127,0.0
doitgen.bc,kernel_doitgen_StrictFP,6,5249,False,ollama/qwen2.5-coder:3b,9.691,,syntax_fail,128,128,0.0
doitgen.bc,main,2,5126,True,,,,pending,101,101,0.0
doitgen.bc,init_array,6,5208,False,ollama/qwen2.5-coder:3b,46.287,,syntax_fail,127,127,0.0
doitgen.bc,check_FP,6,5345,False,ollama/qwen2.5-coder:3b,85.985,,syntax_fail,127,127,0.0
doitgen.bc,print_array,4,4549,True,,,,pending,86,86,0.0
doitgen.bc,rtclock,1,3114,True,,,,pending,1,1,0.0
doitgen.bc,print_element,1,6455,True,,,,pending,203,203,0.0
mvt.bc,polybench_flush_cache,2,3641,True,,,,pending,40,40,0.0
mvt.bc,polybench_prepare_instruments,1,2983,True,,,,pending,2,2,0.0
mvt.bc,polybench_timer_start,1,3011,True,,,,pending,4,4,0.0
mvt.bc,polybench_timer_stop,1,3001,True,,,,pending,3,3,0.0
mvt.bc,polybench_timer_print,1,3051,True,,,,pending,5,5,0.0
mvt.bc,polybench_free_data,1,3027,True,,,,pending,5,5,0.0
mvt.bc,polybench_alloc_data,1,3311,True,,,,pending,22,22,0.0
mvt.bc,xmalloc,3,3576,True,,,,pending,34,34,0.0
mvt.bc,main,3,5632,True,,,,pending,133,133,0.0
mvt.bc,init_array,3,4870,True,,,,pending,123,123,0.0
mvt.bc,kernel_mvt,5,4795,False,ollama/qwen2.5-coder:3b,,,pending,111,111,0.0
mvt.bc,kernel_mvt_StrictFP,5,4797,False,ollama/qwen2.5-coder:3b,73.723,,syntax_fail,113,113,0.0
mvt.bc,check_FP,4,4273,True,,,,pending,76,76,0.0
mvt.bc,print_array,3,4176,True,,,,pending,73,73,0.0
mvt.bc,rtclock,1,2983,True,,,,pending,1,1,0.0
mvt.bc,print_element,1,6324,True,,,,pending,203,203,0.0
2mm.bc,polybench_flush_cache,2,3485,True,,,,pending,40,40,0.0
2mm.bc,polybench_prepare_instruments,1,2827,True,,,,pending,2,2,0.0
2mm.bc,polybench_timer_start,1,2855,True,,,,pending,4,4,0.0
2mm.bc,polybench_timer_stop,1,2845,True,,,,pending,3,3,0.0
2mm.bc,polybench_timer_print,1,2895,True,,,,pending,5,5,0.0
2mm.bc,polybench_free_data,1,2871,True,,,,pending,5,5,0.0
2mm.bc,polybench_alloc_data,1,3155,True,,,,pending,22,22,0.0
2mm.bc,xmalloc,3,3420,True,,,,pending,34,34,0.0
2mm.bc,init_array,9,5921,False,ollama/qwen2.5-coder:3b,,,pending,192,192,0.0
2mm.bc,main,1,4776,True,,,,pending,99,99,0.0
2mm.bc,kernel_2mm,7,5667,False,ollama/qwen2.5-coder:3b,,,pending,173,173,0.0
2mm.bc,print_array,3,3928,True,,,,pending,67,67,0.0
2mm.bc,rtclock,1,2827,True,,,,pending,1,1,0.0
2mm.bc,print_element,1,6168,True,,,,pending,203,203,0.0
gemm.bc,polybench_flush_cache,2,3759,True,,,,pending,40,40,0.0
gemm.bc,polybench_prepare_instruments,1,3101,True,,,,pending,2,2,0.0
gemm.bc,polybench_timer_start,1,3129,True,,,,pending,4,4,0.0
gemm.bc,polybench_timer_stop,1,3119,True,,,,pending,3,3,0.0
gemm.bc,polybench_timer_print,1,3169,True,,,,pending,5,5,0.0
gemm.bc,polybench_free_data,1,3145,True,,,,pending,5,5,0.0
gemm.bc,polybench_alloc_data,1,3429,True,,,,pending,22,22,0.0
gemm.bc,xmalloc,3,3694,True,,,,pending,34,34,0.0
gemm.bc,main,2,5340,True,,,,pending,111,111,0.0
gemm.bc,init_array,7,5640,False,ollama/qwen2.5-coder:3b,82.799,,syntax_fail,157,157,0.0
gemm.bc,kernel_gemm,5,4895,False,ollama/qwen2.5-coder:3b,9.905,,syntax_fail,109,109,0.0
gemm.bc,kernel_gemm_StrictFP,5,4896,False,ollama/qwen2.5-coder:3b,82.972,,syntax_fail,110,110,0.0
gemm.bc,check_FP,5,4834,False,ollama/qwen2.5-coder:3b,81.128,,syntax_fail,100,100,0.0
gemm.bc,print_array,3,4204,True,,,,pending,67,67,0.0
gemm.bc,rtclock,1,3101,True,,,,pending,1,1,0.0
gemm.bc,print_element,1,6442,True,,,,pending,203,203,0.0
syrk.bc,polybench_flush_cache,2,3678,True,,,,pending,40,40,0.0
syrk.bc,polybench_prepare_instruments,1,3020,True,,,,pending,2,2,0.0
syrk.bc,polybench_timer_start,1,3048,True,,,,pending,4,4,0.0
syrk.bc,polybench_timer_stop,1,3038,True,,,,pending,3,3,0.0
syrk.bc,polybench_timer_print,1,3088,True,,,,pending,5,5,0.0
syrk.bc,polybench_free_data,1,3064,True,,,,pending,5,5,0.0
syrk.bc,polybench_alloc_data,1,3348,True,,,,pending,22,22,0.0
syrk.bc,xmalloc,3,3613,True,,,,pending,34,34,0.0
syrk.bc,main,2,4777,True,,,,pending,89,89,0.0
syrk.bc,init_array,5,4844,False,ollama/qwen2.5-coder:3b,14.719,,syntax_fail,113,113,0.0
syrk.bc,kernel_syrk,5,4758,False,ollama/qwen2.5-coder:3b,88.478,,pending,105,105,0.0
syrk.bc,kernel_syrk_StrictFP,5,4759,False,ollama/qwen2.5-coder:3b,,,pending,106,106,0.0
syrk.bc,check_FP,5,4695,False,ollama/qwen2.5-coder:3b,,,pending,96,96,0.0
syrk.bc,print_array,3,4095,True,,,,pending,65,65,0.0
syrk.bc,rtclock,1,3020,True,,,,pending,1,1,0.0
syrk.bc,print_element,1,6361,True,,,,pending,203,203,0.0
gemver.bc,polybench_flush_cache,2,3132,True,,,,pending,40,40,0.0
gemver.bc,polybench_prepare_instruments,1,2474,True,,,,pending,2,2,0.0
gemver.bc,polybench_timer_start,1,2502,True,,,,pending,4,4,0.0
gemver.bc,polybench_timer_stop,1,2492,True,,,,pending,3,3,0.0
gemver.bc,polybench_timer_print,1,2542,True,,,,pending,5,5,0.0
gemver.bc,polybench_free_data,1,2518,True,,,,pending,5,5,0.0
gemver.bc,polybench_alloc_data,1,2802,True,,,,pending,22,22,0.0
gemver.bc,xmalloc,3,3067,True,,,,pending,34,34,0.0
gemver.bc,main,1,4987,True,,,,pending,126,126,0.0
gemver.bc,init_array,3,4836,True,,,,pending,152,152,0.0
gemver.bc,kernel_gemver,8,5956,False,ollama/qwen2.5-coder:3b,41.517,,syntax_fail,218,218,0.0
gemver.bc,print_array,3,3267,True,,,,pending,41,41,0.0
gemver.bc,rtclock,1,2474,True,,,,pending,1,1,0.0
syr2k.bc,polybench_flush_cache,2,3703,True,,,,pending,40,40,0.0
syr2k.bc,polybench_prepare_instruments,1,3045,True,,,,pending,2,2,0.0
syr2k.bc,polybench_timer_start,1,3073,True,,,,pending,4,4,0.0
syr2k.bc,polybench_timer_stop,1,3063,True,,,,pending,3,3,0.0
syr2k.bc,polybench_timer_print,1,3113,True,,,,pending,5,5,0.0
syr2k.bc,polybench_free_data,1,3089,True,,,,pending,5,5,0.0
syr2k.bc,polybench_alloc_data,1,3373,True,,,,pending,22,22,0.0
syr2k.bc,xmalloc,3,3638,True,,,,pending,34,34,0.0
syr2k.bc,main,2,5095,True,,,,pending,102,102,0.0
syr2k.bc,init_array,5,5184,False,ollama/qwen2.5-coder:3b,42.681,,syntax_fail,133,133,0.0
syr2k.bc,kernel_syr2k,5,5145,False,ollama/qwen2.5-coder:3b,52.339,,syntax_fail,127,127,0.0
syr2k.bc,kernel_syr2k_StrictFP,5,5146,False,ollama/qwen2.5-coder:3b,19.771,,syntax_fail,128,128,0.0
syr2k.bc,check_FP,5,4720,False,ollama/qwen2.5-coder:3b,84.237,0.112,passed,96,96,0.0
syr2k.bc,print_array,3,4120,True,,,,pending,65,65,0.0
syr2k.bc,rtclock,1,3045,True,,,,pending,1,1,0.0
syr2k.bc,print_element,1,6386,True,,,,pending,203,203,0.0
symm.bc,polybench_flush_cache,2,3357,True,,,,pending,40,40,0.0
symm.bc,polybench_prepare_instruments,1,2699,True,,,,pending,2,2,0.0
symm.bc,polybench_timer_start,1,2727,True,,,,pending,4,4,0.0
symm.bc,polybench_timer_stop,1,2717,True,,,,pending,3,3,0.0
symm.bc,polybench_timer_print,1,2767,True,,,,pending,5,5,0.0
symm.bc,polybench_free_data,1,2743,True,,,,pending,5,5,0.0
symm.bc,polybench_alloc_data,1,3027,True,,,,pending,22,22,0.0
symm.bc,xmalloc,3,3292,True,,,,pending,34,34,0.0
symm.bc,main,1,3998,True,,,,pending,67,67,0.0
symm.bc,init_array,6,4964,False,ollama/qwen2.5-coder:3b,9.828,,syntax_fail,140,140,0.0
symm.bc,kernel_symm,4,5193,True,,,,pending,152,152,0.0
symm.bc,print_array,3,3800,True,,,,pending,67,67,0.0
symm.bc,rtclock,1,2699,True,,,,pending,1,1,0.0
symm.bc,print_element,1,6040,True,,,,pending,203,203,0.0
gesummv.bc,polybench_flush_cache,2,3293,True,,,,pending,40,40,0.0
gesummv.bc,polybench_prepare_instruments,1,2635,True,,,,pending,2,2,0.0
gesummv.bc,polybench_timer_start,1,2663,True,,,,pending,4,4,0.0
gesummv.bc,polybench_timer_stop,1,2653,True,,,,pending,3,3,0.0
gesummv.bc,polybench_timer_print,1,2703,True,,,,pending,5,5,0.0
gesummv.bc,polybench_free_data,1,2679,True,,,,pending,5,5,0.0
gesummv.bc,polybench_alloc_data,1,2963,True,,,,pending,22,22,0.0
gesummv.bc,xmalloc,3,3228,True,,,,pending,34,34,0.0
gesummv.bc,main,1,4130,True,,,,pending,78,78,0.0
gesummv.bc,init_array,3,4096,True,,,,pending,93,93,0.0
gesummv.bc,kernel_gesummv,3,4598,True,,,,pending,125,125,0.0
gesummv.bc,print_array,2,3405,True,,,,pending,48,48,0.0
gesummv.bc,rtclock,1,2635,True,,,,pending,1,1,0.0
gesummv.bc,print_element,1,5976,True,,,,pending,203,203,0.0
trmm.bc,polybench_flush_cache,2,3305,True,,,,pending,40,40,0.0
trmm.bc,polybench_prepare_instruments,1,2647,True,,,,pending,2,2,0.0
trmm.bc,polybench_timer_start,1,2675,True,,,,pending,4,4,0.0
trmm.bc,polybench_timer_stop,1,2665,True,,,,pending,3,3,0.0
trmm.bc,polybench_timer_print,1,2715,True,,,,pending,5,5,0.0
trmm.bc,polybench_free_data,1,2691,True,,,,pending,5,5,0.0
trmm.bc,polybench_alloc_data,1,2975,True,,,,pending,22,22,0.0
trmm.bc,xmalloc,3,3240,True,,,,pending,34,34,0.0
trmm.bc,main,1,3644,True,,,,pending,52,52,0.0
trmm.bc,init_array,4,4205,True,,,,pending,96,96,0.0
trmm.bc,kernel_trmm,4,4305,True,,,,pending,100,100,0.0
trmm.bc,print_array,4,3979,True,,,,pending,80,80,0.0
trmm.bc,rtclock,1,2647,True,,,,pending,1,1,0.0
trmm.bc,print_element,1,5988,True,,,,pending,203,203,0.0
gramschmidt.bc,polybench_flush_cache,2,3187,True,,,,pending,40,40,0.0
gramschmidt.bc,polybench_prepare_instruments,1,2529,True,,,,pending,2,2,0.0
gramschmidt.bc,polybench_timer_start,1,2557,True,,,,pending,4,4,0.0
gramschmidt.bc,polybench_timer_stop,1,2547,True,,,,pending,3,3,0.0
gramschmidt.bc,polybench_timer_print,1,2597,True,,,,pending,5,5,0.0
gramschmidt.bc,polybench_free_data,1,2573,True,,,,pending,5,5,0.0
gramschmidt.bc,polybench_alloc_data,1,2857,True,,,,pending,22,22,0.0
gramschmidt.bc,xmalloc,3,3122,True,,,,pending,34,34,0.0
gramschmidt.bc,main,1,3789,True,,,,pending,63,63,0.0
gramschmidt.bc,init_array,5,4117,False,ollama/qwen2.5-coder:3b,72.018,0.08,passed,96,96,0.0
gramschmidt.bc,kernel_gramschmidt,7,6189,False,ollama/qwen2.5-coder:3b,,,pending,216,216,0.0
gramschmidt.bc,print_array,7,4665,False,ollama/qwen2.5-coder:3b,70.882,,syntax_fail,115,115,0.0
gramschmidt.bc,rtclock,1,2529,True,,,,pending,1,1,0.0
ludcmp.bc,polybench_flush_cache,2,3532,True,,,,pending,40,40,0.0
ludcmp.bc,polybench_prepare_instruments,1,2874,True,,,,pending,2,2,0.0
ludcmp.bc,polybench_timer_start,1,2902,True,,,,pending,4,4,0.0
ludcmp.bc,polybench_timer_stop,1,2892,True,,,,pending,3,3,0.0
ludcmp.bc,polybench_timer_print,1,2942,True,,,,pending,5,5,0.0
ludcmp.bc,polybench_free_data,1,2918,True,,,,pending,5,5,0.0
ludcmp.bc,polybench_alloc_data,1,3202,True,,,,pending,22,22,0.0
ludcmp.bc,xmalloc,3,3467,True,,,,pending,34,34,0.0
ludcmp.bc,main,2,4985,True,,,,pending,106,106,0.0
ludcmp.bc,init_array,12,7428,False,ollama/qwen2.5-coder:3b,41.879,,syntax_fail,268,268,0.0
ludcmp.bc,kernel_ludcmp,10,7521,False,ollama/qwen2.5-coder:3b,16.989,,syntax_fail,278,278,0.0
ludcmp.bc,kernel_ludcmp_StrictFP,10,7485,False,ollama/qwen2.5-coder:3b,,,pending,278,278,0.0
ludcmp.bc,check_FP,4,4164,True,,,,pending,76,76,0.0
ludcmp.bc,print_array,3,3667,True,,,,pending,41,41,0.0
ludcmp.bc,rtclock,1,2874,True,,,,pending,1,1,0.0
cholesky.bc,polybench_flush_cache,2,3698,True,,,,pending,40,40,0.0
cholesky.bc,polybench_prepare_instruments,1,3040,True,,,,pending,2,2,0.0
cholesky.bc,polybench_timer_start,1,3068,True,,,,pending,4,4,0.0
cholesky.bc,polybench_timer_stop,1,3058,True,,,,pending,3,3,0.0
cholesky.bc,polybench_timer_print,1,3108,True,,,,pending,5,5,0.0
cholesky.bc,polybench_free_data,1,3084,True,,,,pending,5,5,0.0
cholesky.bc,polybench_alloc_data,1,3368,True,,,,pending,22,22,0.0
cholesky.bc,xmalloc,3,3633,True,,,,pending,34,34,0.0
cholesky.bc,main,2,4149,True,,,,pending,59,59,0.0
cholesky.bc,init_array,11,7471,False,ollama/qwen2.5-coder:3b,,,pending,257,257,0.0
cholesky.bc,kernel_cholesky,5,5550,False,ollama/qwen2.5-coder:3b,17.801,,syntax_fail,147,147,0.0
cholesky.bc,kernel_cholesky_StrictFP,5,5532,False,ollama/qwen2.5-coder:3b,,,pending,147,147,0.0
cholesky.bc,check_FP,5,4745,False,ollama/qwen2.5-coder:3b,91.422,0.093,passed,98,98,0.0
cholesky.bc,print_array,3,4115,True,,,,pending,65,65,0.0
cholesky.bc,rtclock,1,3040,True,,,,pending,1,1,0.0
cholesky.bc,print_element,1,6381,True,,,,pending,203,203,0.0
durbin.bc,polybench_flush_cache,2,3242,True,,,,pending,40,40,0.0
durbin.bc,polybench_prepare_instruments,1,2584,True,,,,pending,2,2,0.0
durbin.bc,polybench_timer_start,1,2612,True,,,,pending,4,4,0.0
durbin.bc,polybench_timer_stop,1,2602,True,,,,pending,3,3,0.0
durbin.bc,polybench_timer_print,1,2652,True,,,,pending,5,5,0.0
durbin.bc,polybench_free_data,1,2628,True,,,,pending,5,5,0.0
durbin.bc,polybench_alloc_data,1,2912,True,,,,pending,22,22,0.0
durbin.bc,xmalloc,3,3177,True,,,,pending,34,34,0.0
durbin.bc,main,2,3916,True,,,,pending,72,72,0.0
durbin.bc,init_array,2,3084,True,,,,pending,32,32,0.0
durbin.bc,kernel_durbin,5,5057,False,ollama/qwen2.5-coder:3b,,,pending,151,151,0.0
durbin.bc,kernel_durbin_StrictFP,5,5050,False,ollama/qwen2.5-coder:3b,,,pending,153,153,0.0
durbin.bc,check_FP,4,3874,True,,,,pending,76,76,0.0
durbin.bc,print_array,3,3377,True,,,,pending,41,41,0.0
durbin.bc,rtclock,1,2584,True,,,,pending,1,1,0.0
trisolv.bc,polybench_flush_cache,2,3248,True,,,,pending,40,40,0.0
trisolv.bc,polybench_prepare_instruments,1,2590,True,,,,pending,2,2,0.0
trisolv.bc,polybench_timer_start,1,2618,True,,,,pending,4,4,0.0
trisolv.bc,polybench_timer_stop,1,2608,True,,,,pending,3,3,0.0
trisolv.bc,polybench_timer_print,1,2658,True,,,,pending,5,5,0.0
trisolv.bc,polybench_free_data,1,2634,True,,,,pending,5,5,0.0
trisolv.bc,polybench_alloc_data,1,2918,True,,,,pending,22,22,0.0
trisolv.bc,xmalloc,3,3183,True,,,,pending,34,34,0.0
trisolv.bc,main,1,3572,True,,,,pending,52,52,0.0
trisolv.bc,init_array,3,3674,True,,,,pending,68,68,0.0
trisolv.bc,kernel_trisolv,3,3981,True,,,,pending,87,87,0.0
trisolv.bc,print_array,2,3360,True,,,,pending,48,48,0.0
trisolv.bc,rtclock,1,2590,True,,,,pending,1,1,0.0
trisolv.bc,print_element,1,5931,True,,,,pending,203,203,0.0
lu.bc,polybench_flush_cache,2,3676,True,,,,pending,40,40,0.0
lu.bc,polybench_prepare_instruments,1,3018,True,,,,pending,2,2,0.0
lu.bc,polybench_timer_start,1,3046,True,,,,pending,4,4,0.0
lu.bc,polybench_timer_stop,1,3036,True,,,,pending,3,3,0.0
lu.bc,polybench_timer_print,1,3086,True,,,,pending,5,5,0.0
lu.bc,polybench_free_data,1,3062,True,,,,pending,5,5,0.0
lu.bc,polybench_alloc_data,1,3346,True,,,,pending,22,22,0.0
lu.bc,xmalloc,3,3611,True,,,,pending,34,34,0.0
lu.bc,main,2,4153,True,,,,pending,61,61,0.0
lu.bc,init_array,11,6851,False,ollama/qwen2.5-coder:3b,50.188,,syntax_fail,223,223,0.0
lu.bc,kernel_lu,6,5434,False,ollama/qwen2.5-coder:3b,34.934,,syntax_fail,142,142,0.0
lu.bc,kernel_lu_StrictFP,6,5416,False,ollama/qwen2.5-coder:3b,59.611,,syntax_fail,142,142,0.0
lu.bc,check_FP,5,4723,False,ollama/qwen2.5-coder:3b,,,pending,98,98,0.0
lu.bc,print_array,3,4093,True,,,,pending,65,65,0.0
lu.bc,rtclock,1,3018,True,,,,pending,1,1,0.0
lu.bc,print_element,1,6359,True,,,,pending,203,203,0.0
smallpt.bc,__cxx_global_var_init,1,8914,True,,,,pending,171,171,0.0
smallpt.bc,_ZN3VecC1Eddd,1,4047,True,,,,pending,14,14,0.0
smallpt.bc,_ZN6SphereC1Ed3VecS0_S0_6Refl_t,1,4190,True,,,,pending,20,20,0.0
smallpt.bc,_ZNK3VecmlEd,1,4199,True,,,,pending,21,21,0.0
smallpt.bc,_Z8radianceRK3RayiPt,18,24255,False,ollama/qwen2.5-coder:7b,64.158,,syntax_fail,999,999,0.0
smallpt.bc,_Z9intersectRK3RayRdRi,4,4827,True,,,,pending,58,58,0.0
smallpt.bc,_ZNK3VecplERKS_,1,4328,True,,,,pending,27,27,0.0
smallpt.bc,_ZNK3VecmiERKS_,1,4328,True,,,,pending,27,27,0.0
smallpt.bc,_ZN3Vec4normEv,1,4536,True,,,,pending,35,35,0.0
smallpt.bc,_ZNK3Vec3dotERKS_,1,4274,True,,,,pending,24,24,0.0
smallpt.bc,_ZN3VecrmERS_,1,4736,True,,,,pending,48,48,0.0
smallpt.bc,_ZNK3Vec4multERKS_,1,4328,True,,,,pending,27,27,0.0
smallpt.bc,_ZN3RayC1E3VecS0_,1,4025,True,,,,pending,11,11,0.0
smallpt.bc,main,12,13880,False,ollama/qwen2.5-coder:7b,84.007,,syntax_fail,511,511,0.0
smallpt.bc,_Z5clampd,3,4120,True,,,,pending,16,16,0.0
smallpt.bc,_ZN3VecC2Eddd,1,4131,True,,,,pending,19,19,0.0
smallpt.bc,_ZN6SphereC2Ed3VecS0_S0_6Refl_t,1,4343,True,,,,pending,26,26,0.0
smallpt.bc,_ZNK6Sphere9intersectERK3Ray,4,5448,True,,,,pending,88,88,0.0
smallpt.bc,_ZN3RayC2E3VecS0_,1,4076,True,,,,pending,12,12,0.0
smallpt.bc,_GLOBAL__sub_I_smallpt.cpp,1,3858,True,,,,pending,2,2,0.0
strcat.bc,unknown_failed_module,,,False,error,,,error,0,0,0.0
lists1.bc,unknown_failed_module,,,False,error,,,error,0,0,0.0
random.bc,unknown_failed_module,,,False,error,,,error,0,0,0.0
ackermann.bc,unknown_failed_module,,,False,error,,,error,0,0,0.0
sieve.bc,unknown_failed_module,,,False,error,,,error,0,0,0.0
heapsort.bc,_Z10gen_randomd,1,1492,True,,,,pending,12,12,0.0
heapsort.bc,_Z8heapsortiPd,7,3432,False,ollama/qwen2.5-coder:3b,16.36,,syntax_fail,130,130,0.0
heapsort.bc,main,3,2327,True,,,,pending,61,61,0.0
nestedloop.bc,unknown_failed_module,,,False,error,,,error,0,0,0.0
lists.bc,unknown_failed_module,,,False,error,,,error,0,0,0.0
hello.bc,unknown_failed_module,,,False,error,,,error,0,0,0.0
ary2.bc,unknown_failed_module,,,False,error,,,error,0,0,0.0
ary3.bc,unknown_failed_module,,,False,error,,,error,0,0,0.0
hash2.bc,unknown_failed_module,,,False,error,,,error,0,0,0.0
methcall.bc,unknown_failed_module,,,False,error,,,error,0,0,0.0
ary.bc,unknown_failed_module,,,False,error,,,error,0,0,0.0
objinst.bc,unknown_failed_module,,,False,error,,,error,0,0,0.0
spellcheck.bc,unknown_failed_module,,,False,error,,,error,0,0,0.0
wordfreq.bc,unknown_failed_module,,,False,error,,,error,0,0,0.0
moments.bc,unknown_failed_module,,,False,error,,,error,0,0,0.0
fibo.bc,unknown_failed_module,,,False,error,,,error,0,0,0.0
matrix.bc,unknown_failed_module,,,False,error,,,error,0,0,0.0
sumcol.bc,unknown_failed_module,,,False,error,,,error,0,0,0.0
wc.bc,unknown_failed_module,,,False,error,,,error,0,0,0.0
reversefile.bc,unknown_failed_module,,,False,error,,,error,0,0,0.0
hash.bc,unknown_failed_module,,,False,error,,,error,0,0,0.0
except.bc,unknown_failed_module,,,False,error,,,error,0,0,0.0
dry.bc,main,1,2003,True,,,,pending,4,4,0.0
dry.bc,Proc0,6,5080,False,ollama/qwen2.5-coder:3b,,,pending,168,168,0.0
dry.bc,Proc1,1,2388,True,,,,pending,24,24,0.0
dry.bc,Proc2,3,2524,True,,,,pending,35,35,0.0
dry.bc,Proc3,2,2305,True,,,,pending,20,20,0.0
dry.bc,Proc4,1,2205,True,,,,pending,16,16,0.0
dry.bc,Proc5,1,2028,True,,,,pending,5,5,0.0
dry.bc,Proc6,4,2624,True,,,,pending,38,38,0.0
dry.bc,Proc7,1,2255,True,,,,pending,20,20,0.0
dry.bc,Proc8,2,3458,True,,,,pending,92,92,0.0
dry.bc,Func1,2,2454,True,,,,pending,32,32,0.0
dry.bc,Func2,7,3146,False,ollama/qwen2.5-coder:3b,,,pending,72,72,0.0
dry.bc,Func3,2,2270,True,,,,pending,20,20,0.0
fldry.bc,main,1,2191,True,,,,pending,9,9,0.0
fldry.bc,Proc0,6,5211,False,ollama/qwen2.5-coder:3b,63.675,,syntax_fail,168,168,0.0
fldry.bc,Proc1,1,2510,True,,,,pending,24,24,0.0
fldry.bc,Proc2,3,2627,True,,,,pending,35,35,0.0
fldry.bc,Proc3,2,2417,True,,,,pending,20,20,0.0
fldry.bc,Proc4,1,2310,True,,,,pending,16,16,0.0
fldry.bc,Proc5,1,2133,True,,,,pending,5,5,0.0
fldry.bc,Proc6,4,2734,True,,,,pending,38,38,0.0
fldry.bc,Proc7,1,2352,True,,,,pending,20,20,0.0
fldry.bc,Proc8,2,3690,True,,,,pending,103,103,0.0
fldry.bc,Func1,2,2559,True,,,,pending,32,32,0.0
fldry.bc,Func2,7,3295,False,ollama/qwen2.5-coder:3b,119.355,,syntax_fail,74,74,0.0
fldry.bc,Func3,2,2375,True,,,,pending,20,20,0.0
Towers.bc,Initrand,1,1875,True,,,,pending,2,2,0.0
Towers.bc,Rand,1,1968,True,,,,pending,8,8,0.0
Towers.bc,Error,1,1928,True,,,,pending,5,5,0.0
Towers.bc,Makenull,1,1960,True,,,,pending,7,7,0.0
Towers.bc,Getelement,2,2206,True,,,,pending,20,20,0.0
Towers.bc,Push,4,2919,True,,,,pending,59,59,0.0
Towers.bc,Init,2,2242,True,,,,pending,24,24,0.0
Towers.bc,Pop,2,3006,True,,,,pending,64,64,0.0
Towers.bc,Move,1,2033,True,,,,pending,12,12,0.0
Towers.bc,tower,2,2454,True,,,,pending,36,36,0.0
Towers.bc,Towers,3,2475,True,,,,pending,34,34,0.0
Towers.bc,main,2,2124,True,,,,pending,17,17,0.0
RealMM.bc,Initrand,1,1670,True,,,,pending,2,2,0.0
RealMM.bc,Rand,1,1763,True,,,,pending,8,8,0.0
RealMM.bc,rInitmatrix,3,2476,True,,,,pending,50,50,0.0
RealMM.bc,rInnerproduct,2,2411,True,,,,pending,47,47,0.0
RealMM.bc,Mm,3,2558,True,,,,pending,51,51,0.0
RealMM.bc,main,2,1942,True,,,,pending,18,18,0.0
